specimen_id,species,position,form,color,staining,remainingpercent,condition
30181,amanita bisporigera,superior,membranous,white,maybe slight brownish,100,collapsed
30182,amanita suballiacea,superior,membranous,white,,100,free
30183,amanita oberwinkleriana,superior,submembranous,light yellow,,100,collapsed
30184,amanita suballiacea,superior,line,yellow,,1,
30185,,,,,,,
30186,amanita sp 44,,,,,,
30187,amanita suballiacea,at apex,submembranous,white,light yellow in places,80,collapsed
30187_2,amanita suballiacea,at apex,"membranous, thin",white,,100,free
30187_3,amanita suballiacea,at apex,"membranous, thin",white,,100,free
30188,,,,,,,
30189,amanita rhacopus,,,,,,
30190,amanita frostiana,,submembranous,white with yellow tints,,100,attached to gills
30191,amanita frostiana,superior,submembranous,white with yellow tint,no,,collapsed
30192,amanita muscaria var. guessowii,superior,line,very light yellow,no,1,
30193,,,,,,,
30193_2,,,,,,,
30193_3,,,,,,,
30194,,,,,,,
30194_2,,,,,,,
30195,amanita amerivirosa,at apex,submembranous,white,no,100,attached to gills
30196,amanita muscaria var. guessowii,,,,,,
30197,amanita muscaria var. guessowii,,,,,,
30198,,,,,,,
30199,,superior,submembranous,white,no,50,
30199_2,,superior,submembranous,white,no,,
30199_3,,superior,submembranous,white,no,,
30199_4,,superior,submembranous,white,no,,
30200,amanita bisporigera,,,,,,
30201,,superior,membranous,yellow,no,50,collapsed
30202,,superior,submembranous,grey,no,50,collapsed
30203,,superior,submembranous,dingey white,no,25,collapsed
30204,,superior,submembranous,white,no,50,collapsed
30204_2,,superior,submembranous,white,no,,
30204_3,,superior,submembranous,white,no,,attached to gills
30204_4,,superior,submembranous,white,no,,
30205,amanita flavoconia,,,,,,
30206,amanita flavoconia,superior,submembranous,yellow,no,25,collapsed
30207,,superior,membranous,grey-brown,no,75,collapsed
30208,,superior,membranous,light yellow,no,100,free
30208_2,,,,,,,
30209,amanita amerivirosa,,,,,,
30210,amanita muscaria var. guessowii,at apex,submembranous,light yellow,no,25,collapsed
30211,amanita muscaria var. guessowii,immature specimen,,,,,
30212,,,,,,,
30213,,superior,membranous,light yellow,no,75,free
30214,,superior,"membranous, folded",yellow hue,no,50,collapsed
30215,,,,,,,
30216,,superior,membranous,light yellow,no,75,collapsed
30217,,superior,submembranous,white,no,75,attached to gills
30218,,superior,membranous,light bright yellow,no,50,free
30219,,superior,submembranous,white,no,75,attached to gills
30220,,,,,,,
30221,,superior,submembranous,white,,100,
30222,,superior,membranous,cream,no,50,free
30223,,superior,membranous,cream,no,50,free
30223_2,,mid,membranous,cream,no,,free
30223_3,,mid,membranous,cream,no,,free
30224,,superior,membranous,cream,no,50,free
30224_2,,mid,membranous,cream,no,51,free
30225,amanita populiphila,,,,,,
30226,amanita sp ny06,,,,,,
30226_2,amanita sp ny06,,,,,,
30227,amanita sp ny06,,,,,,
30228,amanita flavoconia,superior,submembranous,dark yellow,no,50,collapsed
30229,,mid,line,dark yellow,no,0,
30230,amanita aff. rubescens,at apex,submembranous,pink,,75,attached to gills
30230_2,amanita aff. rubescens,at apex,submembranous,pink,,,attached to gills
30230_3,amanita aff. rubescens,at apex,submembranous,pink,,,attached to gills
30230_4,amanita aff. rubescens,at apex,submembranous,pink,,,attached to gills
30230_5,amanita aff. rubescens,at apex,submembranous,pink,,,attached to gills
30230_6,amanita aff. rubescens,at apex,submembranous,pink,,,attached to gills
30230_7,amanita aff. rubescens,at apex,submembranous,pink,,,attached to gills
30230_8,amanita aff. rubescens,at apex,submembranous,pink,,,attached to gills
30231,amanita aff. rubescens,at apex,submembranous,white,brick,5,attached to gills
30232,amanita aff. rubescens,superior,as line,,,,
30233,amanita rhacopus,,,,,,
30234,amanita rhacopus,,,,,,
30235,,,,,,,
30236,,superior,still attached,white light brown tinge,,,
30237,,,,,,,
30238,,superior,membranous,white on top yellow on bottom,no,100,free
30239,amanita virginiana,superior,submembranous,white,no,100,free
30239_2,amanita virginiana,,,,,,
30240,,superior,submembranous,white,no,,collapsed
30242,,mid,line,orange,no,,
30243,,,,,,,
30244,,,,,,,
30245,,,,,,,
30246,amanita brunnescens,,,,,,
30247,,,,,,,
30248,amanita brunnescens,,,,,,
30249,amanita sp ny06,,,,,,
30249_2,amanita sp ny06,,,,,,
30250,,,,,,,
30250_2,,,,,,,
30251,,,,,,,
30252,amanita aff. rubescens,superior,membranous,white,no,75,collapsed
30253,amanita brunnescens,,,,,,
30254,amanita brunnescens,superior,mebranous,white,no,100,free
30255,,,,,,,
30256,amanita rhacopus,,,,,,
30257,,,,,,,
30257_2,,,,,,,
30258,amanita brunnescens,superior,submembranous,cream,no,75,collapsed
30259,amanita brunnescens,superior,membranous,cream,no,90,free
30260,amanita solaniolens,superior,submembranous,,no,,
30261,,mid,submembranous,yellow,no,50,collapsed
30262,,,,,,,
30263,amanita brunnescens,superior,submembranous,brown,no,25,collapsed
30264,amanita aff. rubescens,,,,,,
30265,,at apex,,,,,
30267,,,,,,,
30268,,,,,,,
30269,,,,,,,
30270,,,,,,,
30271,,at apex,membranous,white,no,100,free
30272,amanita brunnescens,,,,,,
30273,,,,,,,
30274,,,,,,,
30274_2,,,,,,,
30275,amanita bisporigera,superior,submembranous,white,no,,
30276,,superior,membranous,,no,,free
30277,amanita bisporigera,superior,submembranous,white,no,,
30278,,,,,,,
30279,,,pulverulent,,,,
30280,amanita populiphila,,,,,,
30280_2,amanita populiphila,,,,,,
30280_3,amanita populiphila,,,,,,
30280_4,amanita populiphila,,,,,,
30280_5,amanita populiphila,,,,,,
30280_6,amanita populiphila,,,,,,
30280_7,amanita populiphila,,,,,,
30281,amanita sp 44,,,,,,
30282,amanita sp 44,,,,,,
30283,,superior,membranous,yellow,no,75,free
30284,amanita suballiacea,superior,membranous,white,no,100,free
30285,amanita sp 44,,,,,,
30286,amanita porphyria,superior,membranous,grey,no,100,free
30287,,superior,submembranous,yellow tint,no,25,collapsed
30291,,,,,,,
30293,amanita porphyria,superior,membranous,grey,no,100,free
40220,,superior,submembranous,yellow,no,75,free
