specimenid,collector,sectionid,hosttree1,hosttree2,coordinates,county,site,datecollected,specimen_id
40220,AGW,,,Red Oak,,Bayfield,Martenson Property,2025-08-09,40220
30293,MH,,,,,,,,30293
30291,MH,,,,,,,,30291
30288-9,,,,,,,,,30288-9
30287,CKS,,,,,,,,30287
30286,MH,,,,,,,,30286
30285,MH,,,,,Dane,Brooklyn Wildlife Area,2025-09-10,30285
30284,MH,,,,,,,,30284
30283,MH,,,,,,,,30283
30282,MH,,,,,,,,30282
30281,MH,,,,,Dane,Brooklyn Wildlife Area,2025-09-10,30281
30280,MH,,,,,,,,30280
30279,MH,,,,,Washburn,Wayside near Springbrook,2025-08-21,30279
30278,Mike H,,Hemlock,,,,St. Croix Flowage,2025-08-21,30278
30277,MH,Sect phalloideae,Red Oak,Black Oak,,,Chippewa Moraine State Recreation Area,2025-08-20,30277
30276,,,,,,,Chippewa Moraine,2025-08-20,30276
30275,MH,Sect phalloideae,Likely oak,surrounded by maple tho,,,Chippewa Moraine State Recreation Area,2025-08-20,30275
30274,MH,,,,,Chippewa,Ice Age National Scientific Reserve,2025-08-19,30274
30273,MH,,Oak,,,Chippewa,Ice Age National Scientific reserve,2025-08-19,30273
30272,MH,,,,,Vilas,Fallison Lake,2025-08-19,30272
30271,MH,,Hemlock,white pine,,Vilas,Fallison Lake,2025-08-19,30271
30270,MH,,White Pine,,,Oneida,Hemlock Lake,2025-08-18,30270
30269,MH,,White Pine,,,Oneida,Hemlock Lake,2025-08-18,30269
30268,MH,,,,,Oneida,Hemlock Lake,2025-08-18,30268
30267,MH,,White Pine,,,Oneida,Hemlock Lake,2025-08-18,30267
30265,MH,,,,,Oneida,Hemlock Lake,2025-08-18,30265
30264,MH,,White Pine,Hemlock,,Oneida,Hemlock Lake,2025-08-18,30264
30263,MH,,White Pine,Hemlock,,Oneida,Hemlock Lake,2025-08-18,30263
30262,MH,,White Pine,Red/Black Oak,,,Seeley Pass Trail,2025-08-17,30262
30261,MH,,,,,,Lake Owen,2025-08-17,30261
30260,MH,,,,,Douglas,North Country National Scenic Trail,2025-08-16,30260
30259,MH,,,,,Douglas,North County Trail,2025-08-16,30259
30258,Michael Hensley,,Hemlock,,,,Pattison State Park,2025-08-15,30258
30257,,,,,,,,,30257
30256,RT,,,"hemlock, cyprus, birch",,Bayfield,Martenson Property,2025-08-09,30256
30255,RT,,,hemlock,,Bayfield,Martenson Property,2025-08-09,30255
30254,RT,,Hemlock,,,Bayfield,Martenson property,2025-08-09,30254
30253,RT,,,Hemlock,,,,2025-08-09,30253
30252,Peyton Martinson,,,,,Bayfield,Stockton Island,2025-08-08,30252
30251,unkownn,,,,,,,,30251
30250,MH,,,,,Bayfield,Schultz's Fire Lane,2025-08-08,30250
30249,mh,Sect. vaginatae,,,,Bayfield,Schultz's Fire Lane,2025-08-08,30249
30248,Rowan Trest,,Hemlock,,,Bayfield,Jay Justice Trail,2025-08-08,30248
30247,RT,,,,,Bayfield,Jay Justice Trail,2025-08-08,30247
30246,RT,,,,,Bayfield,Jay Justice Trail,2025-08-08,30246
30245,rowan Trest,,Hemlock,,,Bayfield,Jay Justice Trail,2025-08-08,30245
30244,Rowan Trest,,,,,Bayfield,Jay Justice Trail,2025-08-08,30244
30243,Rowan trest,,,,,Bayfield,Jay Justice Trail,2025-08-08,30243
30242,RT,,,,,Bayfield,Jay Justice Trail,2025-08-08,30242
30240,Cecelia Stokes,,,,,Sauk,Devil's Lake,,30240
30239,Rowan Trest,Sect. Vaginatae,,,"43.421982, -89.709185",Dane,Devil's Lake,2025-07-27,30239
30238,Rowan Trest,,oak,,"43.4239829, -89.7379613",Sauk,Devil's Lake,2025-07-26,30238
30237,unknown,,,,,,,,30237
30236,Rowan Trest,,,,,,,,30236
30235,,,,,,,,,30235
30234,,,,,,,,,30234
30233,,,,,,,,,30233
30232,Rowan Trest,,,,,,,,30232
30231,Rowan Trest,,,,,,,,30231
30230,,,,,,,,,30230
30229,Michael,Sect. validae,hemlock,,,Forest,Franklin,2025-07-18,30229
30228,Aaliyah,Sect. validae,hemlock,,,Forest,Franklin,2025-07-18,30228
30227,Aaliyah Golden-Whitehead,Sect Amanita,hemlock,,,forest,franklin nature trail,2025-07-18,30227
30226,Rowan Trest,Sect Amanita,hemlock,,,forest,franklin nature trail,2025-07-18,30226
30225,MH,Sect. Amanita,Maple/Basswood/Locust,,,Dane,Monona bike path,2025-07-17,30225
30224,MH,Sect. Amanita,White oak,maybe maple,"43.42937, -89.73007",Sauk,Devil's Lake State Park,2025-07-06,30224
30223,MH,Sect. Amanita,White oak,,"43.42937, -89.73007",Sauk,Devil's Lake State Park,2025-07-06,30223
30222,MH,Sect. Amanita,possibly maple?,,"43.43125, -89.72988",Sauk,Devil's Lake State Park,2025-07-06,30222
30221,Unknown,Sect. Validea,,,,Dane,Lower Wisconsin Riverway,2025-06-29,30221
30220,Michael Hensley,sect. Vaginatae,White Oak,,"43.228, -89.73317",Dane,Lower Wisconsin Riverway,2025-06-29,30220
30219,Michael Hensley,Sect. Validae,White pine,White oak,"43.56454, -89.8216",Sauk,Mirror Lake State Park,2024-09-27,30219
30218,Michael Hensley,Sect. Validae,White oak,White pine,"43.56326, -89.82311",Sauk,Mirror Lake State Park,2024-09-27,30218
30217,Michael Hensley,Sect. Validae,White oak,White pine,"43.56319, -89.82315",Sauk,Mirror Lake State Park,2024-09-27,30217
30216,Michael Hensley,Sect. Validae,Black oak,"White pine, Jack pine","43.55648, -89.8085",Sauk,Mirror Lake State Park,2024-09-27,30216
30215,Michael Hensley,Sect. Vaginatae,White pine,,"43.56056, -89.81588",Sauk,Mirror Lake State Park,2024-09-27,30215
30214,Michael Hensley,Sect. Validae,White oak,White pine,,Adams,Chapel Gorge,2024-09-21,30214
30213,Michael Hensley,Sect. Validae,White oak,,"43.64691, -89.78711",Adams,Chapel Gorge,2024-09-21,30213
30212,Michael Hensley,,White oak,White pine,"43.64657, -89.78286",Adams,Chapel Gorge,2024-09-21,30212
30211,Michael Hensley,Sect. Amanita,"Pinus, Picea, Abies",Betula,,Marinette,Smalley Falls,2024-09-08,30211
30210,Michael Hensley,Sect. Amanita,Pinus,,,Marinette,Smalley Falls,2024-09-08,30210
30209,Van T. Cotter,Sect. Phalloidaea,Betula,,"46.2491194167, -86.4147193889",Schoolcraft MI,Clear Lake Education Center,2024-09-07,30209
30208,Michael Hensley,Sect. Validae,Betula,Pinus,"46.24695, -86.41434",Schoolcraft MI,Clear Lake Education Center,2024-09-07,30208
30207,Michael Hensley,Sect. validae,"Spruce, fir, hemlock",betula,"46.37865, -86.45964",Alger country MI,Cusino,2024-09-07,30207
30206,Michael Hensley,,"Tsuga, Aibeis",Betula,"46.37864, -86.45969",Alger country MI,Cusino,2024-09-07,30206
30205,Michael Hensley,Sect. Amanita,"Spruce, fir",Hemlock,"46.37866, -86.4602",Alger country MI,Cusino,2024-09-07,30205
30204,Michael Hensley,Sect. Phalloidaea,fir,hemlock,"46.37868, -86.46028",Alger country MI,Cusino,2024-09-07,30204
30203,Michael Hensley,Sect. Phalloidaea,Tsuga nearish,,"46.37892, -86.46122",Alger country MI,Cusino,2024-09-07,30203
30202,Michael Hensley,Sect. Validae?,"Fir, spruce, Hemlock",Beech,"46.37894, -86.46157",Alger country MI,Cusino,2024-09-07,30202
30201,Megan Dudenhoeffer,Sect. Validae,Populus,Abies,no exact coordinates,Alger country MI,Cusino,2024-09-07,30201
30200,Michael Hensley,Phalloideae,Abies,populus,"46.37756, -86.46914",Alger country MI,Cusino,2024-09-07,30200
30199,Michael Hensley,Sect. Phalloidaea,Tsuga,Betula,"46.37791, -86.46825",Alger country MI,Cusino,2024-09-07,30199
30198,Michael Hensley,Sect. vaginatae,tsuga,betula,"46.37853, -86.46857",Alger country MI,Cusino,2024-09-07,30198
30197,Michael Hensley,Sect. Amanita,Betula,tsuga,"46.37876, -86.46794",Alger country MI,Cusino,2024-09-07,30197
30196,Michael Hensley,Sect. Amanita,Tsuga,Betula,"46.37904, -86.46747",Alger country MI,Cusino,2024-09-07,30196
30195,Michael Hensley,Sect. Phalloideae,Red pine,White pine,"46.87895, -87.86694",Marquette (MI),East Pine Lake,2024-09-01,30195
30194.2,Michael Hensley,Sect. Vaginatae,Hemlock,Birch,,Marquette,Mount Ives,2024-09-01,30194.2
30194,Michael Hensley,Sect. vaginatae,Hemlock,Birch,"46.85533, -87.85478",Marquette (MI),Mount Ives,2024-09-01,30194
30193.3,Michael Hensley,Sect. Vaginatae,Hemlock,Red Maple,,Marquette,Mount Ives,2024-09-01,30193.3
30193.2,Michael Hensley,Sect. Vaginatae,Hemlock,Red Maple,,,,2024-09-01,30193.2
30193,Michael Hensley,Sect. Vaginatae,Hemlock,Red Maple,"46.85532, -87.85707",Marquette (MI),Mount Ives,2024-09-01,30193
30192,Michael Hensley,Sect. Amanita,Hemlock,Birch/Beech,,Marquette (MI),Mount Ives,2024-09-01,30192
30191,Michael Hensley,Sect. Amanita,White pine,Red pine,"46.85457, -87.85189",Marquette (MI),North Ives Lake Trail,2024-09-01,30191
30190,Michael Hensley,Sect Amanita,White pine,Red pine,"46.85478, -87.85174",Marquette (MI),North Ives Lake Trail,2024-09-01,30190
30189,Michael Hensley,Sect. Vaginatae,Hemlock,,"46.8536, -87.84393",Marquette (MI),North Ives Lake Trail,2024-09-01,30189
30188,Michael Hensley,Vaginateae,White Oak,,"42.94241, -89.59132",Dane,Madison Metropolitan School Forest,2024-08-29,30188
30187.3,Michael Hensley,Phalloideae,Red Oak,,"42.85809, -89.49933",Dane,Brooklyn Wildlife Area,2024-08-28,30187.3
30187.2,Michael Hensley,Phalloideae,Red Oak,,"42.85805, -89.49941",Dane,Brooklyn Wildlife Area,2024-08-28,30187.2
30187,Michael Hensley,Phalloideae,Red Oak,,"42.85805, -89.49941",Dane,Brooklyn Wildlife Area,2024-08-28,30187
30186,Michael Hensley,Vaginatae,White Oak,,"42.85719, -89.49795",Dane,Brooklyn Wildlife Area,2024-08-28,30186
30185,Michael Hensley,Vaginatae,Red Oak,Black Oak,"42.85963, -89.49844",Dane,Brooklyn Wildlife Area,2024-08-28,30185
30184,Michael Hensley,Sect. Phalloideae,Black oak,Large toothed aspen,"42.85954, -89.49848",Dane,Brooklyn Wildlife Area,2024-08-28,30184
30183,Michael Hensley,Sect. Validae,White Oak,,"42.85944, -89.4991",Dane,Brooklyn Wildlife Area,2024-08-28,30183
30182,Michael Hensley,Phalloideae,Quercus rubra (Red Oak),,"43.1266, -89.37076",Dane,Warner Park,2024-08-26,30182
30181,Michael Hensley,Validae,Picea,,"43.22821, -89.73302",Dane,Lower Wisconsin State Riverway,2024-08-25,30181
