specimen_id,species,sectionid,collector,hosttree1,hosttree2,lat,long,county,site,datecollected
30181,Amanita bisporigera,Phalloideae,MH,Picea,,43.228208,-89.733018,Dane,Lower Wisconsin State Riverway,2024-08-25
30182,Amanita suballiacea,Phalloideae,MH,Quercus rubra (Red Oak),,43.126597,-89.370765,Dane,Warner Park,2024-08-26
30183,Amanita oberwinkleriana,Roanokensis,MH,White Oak,,42.859437,-89.499095,Dane,Brooklyn Wildlife Area,2024-08-28
30184,Amanita suballiacea,Phalloideae,MH,Black Oak,Large toothed aspen,42.85954,-89.498477,Dane,Brooklyn Wildlife Area,2024-08-28
30186,Amanita sp 44,Vaginatae,MH,White Oak,,42.857191,-89.497948,Dane,Brooklyn Wildlife Area,2024-08-28
30187,Amanita suballiacea,Phalloideae,MH,Red Oak,,42.858051,-89.499412,Dane,Brooklyn Wildlife Area,2024-08-28
30187.2,Amanita suballiacea,Phalloideae,MH,Red Oak,,42.858051,-89.499412,Dane,Brooklyn Wildlife Area,2024-08-28
30187.3,Amanita suballiacea,Phalloideae,MH,Red Oak,,42.858089,-89.499331,Dane,Brooklyn Wildlife Area,2024-08-28
30189,Amanita rhacopus,Vaginatae,MH,Hemlock,,46.853603,-87.843934,Marquette (MI),North Ives Lake Trail,2024-09-01
30190,Amanita frostiana,Amanita,MH,White Pine,Red pine,46.854574,-87.851893,Marquette (MI),North Ives Lake Trail,2024-09-01
30191,Amanita frostiana,Amanita,MH,White Pine,Red pine,46.854777,-87.851744,Marquette (MI),North Ives Lake Trail,2024-09-01
30192,Amanita muscaria var. guessowii,Amanita,MH,Hemlock,Birch/Beech,46.855325,-87.857067,Marquette (MI),Mount Ives,2024-09-01
30195,Amanita amerivirosa,Phalloideae,MH,Red pine,White Pine,46.855326,-87.854777,Marquette (MI),East Pine Lake,2024-09-01
30196,Amanita muscaria var. guessowii,Amanita,MH,Tsuga,Betula,46.379043,-86.467467,Alger country MI,Cusino,2024-09-07
30197,Amanita muscaria var. guessowii,Amanita,MH,Betula,Hemlock,46.378762,-86.467939,Alger country MI,Cusino,2024-09-07
30200,Amanita bisporigera,Phalloideae,MH,Abies,populus,46.377559,-86.46914,Alger country MI,Cusino,2024-09-07
30205,Amanita flavoconia,Validae,MH,Conifer,Hemlock,46.378658,-86.460201,Alger country MI,Cusino,2024-09-07
30206,Amanita flavoconia,Validae,MH,Conifer,Betula,46.378638,-86.459693,Alger country MI,Cusino,2024-09-07
30209,Amanita amerivirosa,Phalloideae,VTC,Betula,,46.2491194167,-86.4147193889,Schoolcraft MI,Clear Lake Education Center,2024-09-07
30210,Amanita muscaria var. guessowii,Amanita,MH,Pinus,,45.696123,-87.945318,Marinette,Smalley Falls,2024-09-08
30211,Amanita muscaria var. guessowii,Amanita,MH,Conifer,Betula,45.694809,-87.944836,Marinette,Smalley Falls,2024-09-08
30225,Amanita populiphila,Amanita,MH,Cottonwood,,43.06907,-89.38351,Dane,Monona bike path,2025-07-17
30226,Amanita sp NY06,Amanita,RT,Hemlock,,45.929363,-88.993585,Forest,franklin nature trail,2025-07-18
30226.2,Amanita sp NY06,Amanita,RT,Hemlock,,45.929363,-88.993585,Forest,franklin nature trail,2025-07-18
30227,Amanita sp NY06,Amanita,AGW,Hemlock,,45.92895,-88.99489,Forest,franklin nature trail,2025-07-18
30228,Amanita flavoconia,Validae,AGW,Hemlock,,45.929495,-88.99324,Forest,Franklin,2025-07-18
30230,Amanita aff. rubescens,Validae,MH,White Pine,Red Oak,45.321388,-89.089275,Forest,Jack Lake,2025-07-19 00:00:00
30230.2,Amanita aff. rubescens,Validae,MH,White Pine,Red Oak,45.321388,-89.089275,Forest,Jack Lake,2025-07-19 00:00:00
30230.3,Amanita aff. rubescens,Validae,MH,White Pine,Red Oak,45.321388,-89.089275,Forest,Jack Lake,2025-07-19 00:00:00
30230.4,Amanita aff. rubescens,Validae,MH,White Pine,Red Oak,45.321388,-89.089275,Forest,Jack Lake,2025-07-19 00:00:00
30230.5,Amanita aff. rubescens,Validae,MH,White Pine,Red Oak,45.321388,-89.089275,Forest,Jack Lake,2025-07-19 00:00:00
30230.6,Amanita aff. rubescens,Validae,MH,White Pine,Red Oak,45.321388,-89.089275,Forest,Jack Lake,2025-07-19 00:00:00
30230.7,Amanita aff. rubescens,Validae,MH,White Pine,Red Oak,45.321388,-89.089275,Forest,Jack Lake,2025-07-19 00:00:00
30230.8,Amanita aff. rubescens,Validae,MH,White Pine,Red Oak,45.321388,-89.089275,Forest,Jack Lake,2025-07-19 00:00:00
30231,Amanita aff. rubescens,Validae,RT,Hemlock,,45.321194,-89.088912,Forest,Jack Lake,2025-07-19 00:00:00
30232,Amanita aff. rubescens,Validae,RT,Hemlock,,45.321128,-89.088746,Forest,Jack Lake,2025-07-19 00:00:00
30233,Amanita rhacopus,Vaginatae,RT,Hemlock,,45.318845,-89.088888,Forest,Jack Lake,2025-07-19 00:00:00
30234,Amanita rhacopus,Vaginatae,RT,Hemlock,,45.318796,-89.091751,Forest,Jack Lake,2025-07-19 00:00:00
30239,Amanita virginiana,Caesareae,RT,na,,43.421982,-89.709185,Dane,Devil's Lake,2025-07-27
30239.2,Amanita virginiana,Caesareae,RT,na,,43.421982,-89.709185,Dane,Devil's Lake,2025-07-27
30246,Amanita brunnescens,Vaginatae,RT,Hemlock,,46.799794,-90.906808,Bayfield,Jay Justice Trail,2025-08-08
30248,Amanita brunnescens,Validae,RT,Hemlock,,46.800259,-90.905975,Bayfield,Jay Justice Trail,2025-08-08
30249,Amanita sp NY06,Validae,MH,Hemlock,Birch,46.83976,-90.878988,Bayfield,Schultz's Fire Lane,2025-08-08
30249.2,Amanita sp NY06,Validae,MH,Hemlock,Birch,46.83976,-90.878988,Bayfield,Schultz's Fire Lane,2025-08-08
30252,Amanita aff. rubescens,Validae,Peyton Martinson,na,,na,na,Bayfield,Stockton Island,2025-08-08
30253,Amanita brunnescens,Validae,RT,Hemlock,,46.846346,-90.82262,Bayfield,Martenson Property,2025-08-09
30254,Amanita brunnescens,Validae,RT,Hemlock,,46.846402,-90.822445,Bayfield,Martenson property,2025-08-09
30256,Amanita rhacopus,Vaginatae,RT,Hemlock,Birch,46.846855,-90.821187,Bayfield,Martenson Property,2025-08-09
30258,Amanita brunnescens,Validae,MH,Hemlock,,46.529401,-92.118104,Douglas,Pattison State Park,2025-08-15
30259,Amanita brunnescens,Validae,MH,Hemlock,,46.521889,-91.582625,Douglas,North County Trail,2025-08-16
30260,Amanita solaniolens,Validae,MH,Hemlock,Oak,46.519818,-91.583674,Douglas,North Country National Scenic Trail,2025-08-16
30263,Amanita brunnescens,Validae,MH,White Pine,Hemlock,45.874727,-89.651805,Oneida,Hemlock Lake,2025-08-18
30264,Amanita aff. rubescens,Validae,MH,White Pine,Hemlock,45.874671,-89.651816,Oneida,Hemlock Lake,2025-08-18
30272,Amanita brunnescens,Validae,MH,Hemlock,,45.992614,-89.618163,Vilas,Fallison Lake,2025-08-19
30275,Amanita bisporigera,Phalloideae,MH,Oak,,45.224161,-91.415863,Chippewa,Chippewa Moraine State Recreation Area,2025-08-20
30277,Amanita bisporigera,Phalloideae,MH,Red Oak,Black Oak,45.223999,-91.412334,Chippewa,Chippewa Moraine State Recreation Area,2025-08-20
30280,Amanita populiphila,Vaginatae,MH,Cottonwood,,43.06898,-89.383581,Dane,Monona bike path,2025-08-30 00:00:00
30280.2,Amanita populiphila,Vaginatae,MH,Cottonwood,,43.069019,-89.383553,Dane,Monona bike path,2025-08-30 00:00:00
30280.3,Amanita populiphila,Vaginatae,MH,Cottonwood,,43.069034,-89.383542,Dane,Monona bike path,2025-08-30 00:00:00
30280.4,Amanita populiphila,Vaginatae,MH,Cottonwood,,43.069058,-89.383485,Dane,Monona bike path,2025-08-30 00:00:00
30280.5,Amanita populiphila,Vaginatae,MH,Cottonwood,,43.069068,-89.383441,Dane,Monona bike path,2025-08-30 00:00:00
30280.6,Amanita populiphila,Vaginatae,MH,Cottonwood,,43.069033,-89.383375,Dane,Monona bike path,2025-08-30 00:00:00
30280.7,Amanita populiphila,Vaginatae,MH,Cottonwood,,43.069033,-89.383375,Dane,Monona bike path,2025-08-31 00:00:00
30281,Amanita sp 44,Vaginatae,MH,Bur Oak,Black Oak,42.857187,-89.498141,Dane,Brooklyn Wildlife Area,2025-09-10
30282,Amanita sp 44,Vaginatae,MH,Bur Oak,Black Oak,42.857206,-89.498088,Dane,Brooklyn Wildlife Area,2025-09-10
30284,Amanita suballiacea,Phalloideae,MH,Red Oak,Black Oak,42.858424,-89.499873,Dane,Brooklyn Wildlife Area,2025-09-10
30285,Amanita sp 44,Vaginatae,MH,Oak,,42.85867,-89.49986,Dane,Brooklyn Wildlife Area,2025-09-10
30286,Amanita porphyria,Validae,MH,Hemlock,,46.885871,-87.882281,Marquette,Pine Lake,2025-09-13 00:00:00
30293,Amanita porphyria,Validae,MH,Hemlock,Fir,46.877,-87.841578,Marquette,Conway Lake,2025-09-14 00:00:00