specimen_id,species,position,form,color,staining,remainingpercent,condition,
30181,Amanita bisporigera,superior,membranous,white,maybe slight brownish,100,collapsed,
30182,Amanita suballiacea,superior,membranous,white,na,100,free,
30183,Amanita oberwinkleriana,superior,submembranous,light yellow,na,100,collapsed,
30184,Amanita suballiacea,superior,line,yellow,na,1,na,
30185,,na,na,na,na,na,na,
30186,Amanita sp 44,na,na,na,na,na,na,
30187,Amanita suballiacea,At apex,submembranous,white,light yellow in places,80,collapsed,
30187_2,Amanita suballiacea,At apex,"membranous, thin",white,na,100,free,
30187_3,Amanita suballiacea,At apex,"membranous, thin",white,na,100,free,
30188,,na,na,na,na,na,na,
30189,Amanita rhacopus,na,na,na,na,na,na,
30190,Amanita frostiana,na,submembranous,white with yellow tints,na,100,attached to gills,
30191,Amanita frostiana,superior,submembranous,white with yellow tint,no,na,collapsed,
30192,Amanita muscaria var. guessowii,superior,line,very light yellow,no,1,na,
30193,,na,na,na,na,na,na,
30193_2,,na,na,na,na,na,na,
30193_3,,na,na,na,na,na,na,
30194,,na,na,na,na,na,na,
30194_2,,na,na,na,na,na,na,
30195,Amanita amerivirosa,At apex,submembranous,white,no,100,attached to gills,
30196,Amanita muscaria var. guessowii,na,na,na,na,na,na,
30197,Amanita muscaria var. guessowii,na,na,na,na,na,na,
30198,,na,na,na,na,na,na,
30199,,superior,submembranous,white,no,50,na,
30199_2,,superior,submembranous,white,no,na,na,
30199_3,,superior,submembranous,white,no,na,na,
30199_4,,superior,submembranous,white,no,na,na,
30200,Amanita bisporigera,na,na,na,na,na,na,
30201,,superior,membranous,yellow,no,50,collapsed,
30202,,superior,submembranous,grey,no,50,collapsed,
30203,,superior,submembranous,dingey white,no,25,collapsed,
30204,,superior,submembranous,white,no,50,collapsed,
30204_2,,superior,submembranous,white,no,na,na,
30204_3,,superior,submembranous,white,no,na,attached to gills,
30204_4,,superior,submembranous,white,no,na,na,
30205,Amanita flavoconia,na,na,na,na,na,na,
30206,Amanita flavoconia,superior,submembranous,yellow,no,25,collapsed,
30207,,superior,membranous,grey-brown,no,75,collapsed,
30208,,superior,membranous,light yellow,no,100,free,
30208_2,,na,na,na,na,na,na,
30209,Amanita amerivirosa,na,na,na,na,na,na,
30210,Amanita muscaria var. guessowii,At apex,submembranous,light yellow,no,25,collapsed,
30211,Amanita muscaria var. guessowii,Immature specimen,na,na,na,na,na,
30212,,na,na,na,na,na,na,
30213,,superior,membranous,light yellow,no,75,free,
30214,,superior,"membranous, folded",yellow hue,no,50,collapsed,
30215,,na,na,na,na,na,na,
30216,,superior,membranous,light yellow,no,75,collapsed,
30217,,superior,submembranous,white,no,75,attached to gills,
30218,,superior,membranous,light bright yellow,no,50,free,
30219,,superior,submembranous,white,no,75,attached to gills,
30220,,na,na,na,na,na,na,
30221,,superior,submembranous,white,NA,100,na,
30222,,superior,membranous,cream,no,50,free,
30223,,superior,membranous,cream,no,50,free,
30223_2,,mid,membranous,cream,no,na,free,
30223_3,,mid,membranous,cream,no,na,free,
30224,,superior,membranous,cream,no,50,free,
30224_2,,mid,membranous,cream,no,51,free,
30225,Amanita populiphila,na,na,na,na,na,na,
30226,Amanita sp NY06,na,na,na,na,na,na,
30226_2,Amanita sp NY06,na,na,na,na,na,na,
30227,Amanita sp NY06,na,na,na,na,na,na,
30228,Amanita flavoconia,superior,submembranous,dark yellow,no,50,collapsed,
30229,,mid,line,dark yellow,no,0,na,
30230,Amanita aff. rubescens,At apex,submembranous,pink,na,75,attached to gills,
30230_2,Amanita aff. rubescens,At apex,submembranous,pink,na,na,attached to gills,
30230_3,Amanita aff. rubescens,At apex,submembranous,pink,na,na,attached to gills,
30230_4,Amanita aff. rubescens,At apex,submembranous,pink,na,na,attached to gills,
30230_5,Amanita aff. rubescens,At apex,submembranous,pink,na,na,attached to gills,
30230_6,Amanita aff. rubescens,At apex,submembranous,pink,na,na,attached to gills,
30230_7,Amanita aff. rubescens,At apex,submembranous,pink,na,na,attached to gills,
30230_8,Amanita aff. rubescens,At apex,submembranous,pink,na,na,attached to gills,
30231,Amanita aff. rubescens,At apex,submembranous,white,brick,5,attached to gills,
30232,Amanita aff. rubescens,superior,as line,na,na,na,na,
30233,Amanita rhacopus,na,na,na,na,na,na,
30234,Amanita rhacopus,na,na,na,na,na,na,
30235,,na,na,na,na,na,na,
30236,,superior,still attached,white light brown tinge,na,na,na,
30237,,na,na,na,na,na,na,
30238,,superior,membranous,white on top yellow on bottom,no,100,free,
30239,Amanita virginiana,superior,submembranous,white,no,100,free,
30239_2,Amanita virginiana,na,na,na,na,na,na,
30240,,superior,submembranous,white,no,na,collapsed,
30242,,mid,line,orange,no,na,na,
30243,,na,na,na,na,na,na,
30244,,na,na,na,na,na,na,
30245,,na,na,na,na,na,na,
30246,Amanita brunnescens,na,na,na,na,na,na,
30247,,na,na,na,na,na,na,
30248,Amanita brunnescens,na,na,na,na,na,na,
30249,Amanita sp NY06,na,na,na,na,na,na,
30249_2,Amanita sp NY06,na,na,na,na,na,na,
30250,,na,na,na,na,na,na,
30250_2,,na,na,na,na,na,na,
30251,,na,na,na,na,na,na,
30252,Amanita aff. rubescens,superior,membranous,white,no,75,collapsed,
30253,Amanita brunnescens,na,na,na,na,na,na,
30254,Amanita brunnescens,superior,mebranous,white,no,100,free,
30255,,na,na,na,na,na,na,
30256,Amanita rhacopus,na,na,na,na,na,na,
30257,,na,na,na,na,na,na,
30257_2,,na,na,na,na,na,na,
30258,Amanita brunnescens,superior,submembranous,cream,no,75,collapsed,
30259,Amanita brunnescens,superior,membranous,cream,no,90,free,
30260,Amanita solaniolens,superior,submembranous,na,no,na,na,
30261,,mid,submembranous,yellow,no,50,collapsed,
30262,,na,na,na,na,na,na,
30263,Amanita brunnescens,superior,submembranous,brown,no,25,collapsed,
30264,Amanita aff. rubescens,na,na,na,na,na,na,
30265,,At apex,na,na,na,na,na,
30267,,na,na,na,na,na,na,
30268,,na,na,na,na,na,na,
30269,,na,na,na,na,na,na,
30270,,na,na,na,na,na,na,
30271,,At apex,membranous,white,no,100,free,
30272,Amanita brunnescens,na,na,na,na,na,na,
30273,,na,na,na,na,na,na,
30274,,na,na,na,na,na,na,
30274_2,,na,na,na,na,na,na,
30275,Amanita bisporigera,superior,submembranous,white,no,na,na,
30276,,superior,membranous,na,no,na,free,
30277,Amanita bisporigera,superior,submembranous,white,no,na,na,
30278,,na,na,na,na,na,na,
30279,,na,pulverulent,na,na,na,na,
30280,Amanita populiphila,na,na,na,na,na,na,
30280_2,Amanita populiphila,na,na,na,na,na,na,
30280_3,Amanita populiphila,na,na,na,na,na,na,
30280_4,Amanita populiphila,na,na,na,na,na,na,
30280_5,Amanita populiphila,na,na,na,na,na,na,
30280_6,Amanita populiphila,na,na,na,na,na,na,
30280_7,Amanita populiphila,na,na,na,na,na,na,
30281,Amanita sp 44,na,na,na,na,na,na,
30282,Amanita sp 44,na,na,na,na,na,na,
30283,,superior,membranous,yellow,no,75,free,
30284,Amanita suballiacea,superior,membranous,white,no,100,free,
30285,Amanita sp 44,na,na,na,na,na,na,
30286,Amanita porphyria,superior,membranous,grey,no,100,free,
30287,,superior,submembranous,yellow tint,no,25,collapsed,
30291,,na,na,na,na,na,na,
30293,Amanita porphyria,superior,membranous,grey,no,100,free,
40220,,superior,submembranous,yellow,no,75,free,