specimen_id,species,form,color,texture,attachment,distribution,
30181,Amanita bisporigera,na,na,na,na,na,
30182,Amanita suballiacea,na,na,na,na,na,
30183,Amanita oberwinkleriana,patches,white,membranous,adnate,As roughly five large patches near margin not touching very center,
30184,Amanita suballiacea,na,na,na,na,na,
30185,,na,na,na,na,na,
30186,Amanita sp 44,patches,white,membranous,adnate,1 patch,
30187,Amanita suballiacea,na,na,na,na,na,
30187_2,Amanita suballiacea,na,na,na,na,na,
30187_3,Amanita suballiacea,na,na,na,na,na,
30188,,patches,white,membranous,adnate,1 largeish patch in center,
30189,Amanita rhacopus,patches,Brown,submembranous,easily removed,Five small patches in a single area on pileus,
30190,Amanita frostiana,warts,white,membranous,easily removed,Very few near the margin,
30191,Amanita frostiana,warts,white,membranous,easily removed,Cover pileus semi-densely,
30192,Amanita muscaria var. guessowii,patches,dingey white to brown,membranous,adnate,Almost evenly distributed across pileus,
30193,,na,na,na,na,na,
30193_2,,na,na,na,na,na,
30193_3,,na,na,na,na,na,
30194,,na,na,na,na,na,
30194_2,,na,na,na,na,na,
30195,Amanita amerivirosa,na,na,na,na,na,
30196,Amanita muscaria var. guessowii,warts,dingey brown,membranous,easily removed,Prolific and consant on all pileus,
30197,Amanita muscaria var. guessowii,warts,dingey white,friable,na,Relatively even,
30198,,na,na,na,na,na,
30199,,na,na,na,na,na,
30199_2,,na,na,na,na,na,
30199_3,,na,na,na,na,na,
30199_4,,na,na,na,na,na,
30200,Amanita bisporigera,na,na,na,na,na,
30201,,patches,yellow,friable,easily removed,sparsely evenly distributed,
30202,,na,na,na,na,na,
30203,,na,na,na,na,na,
30204,,na,na,na,na,na,
30204_2,,na,na,na,na,na,
30204_3,,na,na,na,na,na,
30204_4,,na,na,na,na,na,
30205,Amanita flavoconia,warts,dingey white-brown,membranous,adnate,only on very center,
30206,Amanita flavoconia,warts,dingey brown,friable,easily removed,few towards the center,
30207,,patches,dingey brown,membranous,easily removed,one large and one small patch,
30208,,patches,dingey white,submembranous,semi-easily removed,3 large patches and numerous smaller ones; sparse,
30208_2,,patches,dingey white,submembranous,semi-easily removed,4 large patches and numerous smaller ones; sparse,
30209,Amanita amerivirosa,na,na,na,na,na,
30210,Amanita muscaria var. guessowii,warts,dingey white - brown,friable,easily removed,Mostly even with one side not having many,
30211,Amanita muscaria var. guessowii,warts,white,membranous,adnate,fully covering piileus,
30212,,patches,dingey white-light brown,membranous,easily removed,As one large and several small patches on only one half of pileus,
30213,,na,na,na,na,na,
30214,,patches,dingey brown,membranous,easily removed,one patch close to center,
30215,,na,na,na,na,na,
30216,,patches,dingey white,membranous,adnate,3 or 4 small patches on one side,
30217,,powder,dingey white,pulverulent,easily removed,A little on margin,
30218,,na,na,na,na,na,
30219,,patches,white,membranous,adnate,small to large right on the margin,
30220,,na,na,na,na,na,
30221,,warts,brown-white,membranous,adnate,even; semi-common,
30222,,warts,white-light brown,submembranous,easily removed,dense and even,
30223,,warts,white-light brown,submembranous,easily removed,dense and even,
30223_2,,warts,white-light brown,submembranous,easily removed,dense and even,
30223_3,,warts,white-light brown,submembranous,easily removed,dense and even,
30224,,warts,white-light brown,submembranous,easily removed,dense and even,
30224_2,,warts,white-light brown,submembranous,easily removed,dense and even,
30225,Amanita populiphila,warts,light pink,hard,adnate,sparse but evenish,
30226,Amanita sp NY06,patches,white,submembranous,easily removed,uneve and sparse,
30226_2,Amanita sp NY06,patches,white,submembranous,easily removed,uneve and sparse,
30227,Amanita sp NY06,patches,white,submembranous,easily removed,uneve and sparse,
30228,Amanita flavoconia,patches,white-yellow tinge,pulverulent,easily removed,uneven semi-sparse,
30229,,patches,light yellow,pulverulent,easily removed,"plentiful, semi-even",
30230,Amanita aff. rubescens,patches,light pink,pulverulent,easily removed,uneven/sparse,
30230_2,Amanita aff. rubescens,patches,light pink,pulverulent,easily removed,uneven/sparse,
30230_3,Amanita aff. rubescens,patches,light pink,pulverulent,easily removed,uneven/sparse,
30230_4,Amanita aff. rubescens,patches,light pink,pulverulent,easily removed,uneven/sparse,
30230_5,Amanita aff. rubescens,patches,light pink,pulverulent,easily removed,uneven/sparse,
30230_6,Amanita aff. rubescens,patches,light pink,pulverulent,easily removed,uneven/sparse,
30230_7,Amanita aff. rubescens,patches,light pink,pulverulent,easily removed,uneven/sparse,
30230_8,Amanita aff. rubescens,patches,light pink,pulverulent,easily removed,uneven/sparse,
30231,Amanita aff. rubescens,na,na,na,na,na,
30232,Amanita aff. rubescens,patches,cream,pulverulent,easily removed,uneven (only 1),
30233,Amanita rhacopus,na,na,na,na,na,
30234,Amanita rhacopus,na,na,na,na,na,
30235,,na,na,na,na,na,
30236,,patches,light brown,sub-membornous,easily removed,unevn,
30237,,na,na,na,na,na,
30238,,warts,white in middle yellow on edge,na,na,uneven and dispersed,
30239,Amanita virginiana,patches,white,membranous,easily removed,singular patch,
30239_2,Amanita virginiana,patches,white,membranous,easily removed,singular patch,
30240,,na,na,na,na,na,
30242,,warts,"white center, orange",pulvarulent,easily removed,common,
30243,,na,na,na,na,na,
30244,,na,na,na,na,na,
30245,,na,na,na,na,na,
30246,Amanita brunnescens,warts,white brown center,membranous,easily removed,fully covering center 50%,
30247,,patches,white,submembranous,easily removed,one large central patch,
30248,Amanita brunnescens,patches,white brown tint,submembranous,easily removed,uneven common around pileus,
30249,Amanita sp NY06,warts,white,membranous,easily removed,1 to 3,
30249_2,Amanita sp NY06,warts,white,membranous,easily removed,1 to 3,
30250,,na,na,na,na,na,
30250_2,,na,na,na,na,na,
30251,,na,na,na,na,na,
30252,Amanita aff. rubescens,warts,white,sub-membranous,adnate,fully covered in rings,
30253,Amanita brunnescens,patches,white staining brown,sub-membranous,adnate,almost fully covered,
30254,Amanita brunnescens,warts,brown center white edges,sub-membranous,easily removed,"dispersed (uneven, ring around margin",
30255,,na,na,na,na,na,
30256,Amanita rhacopus,warts,dark grey,sub-membranous,easily removed,clumps in center,
30257,,na,na,na,na,na,
30257_2,,na,na,na,na,na,
30258,Amanita brunnescens,patches,white,submembranous,easily removed,small and only 3 towards margin,
30259,Amanita brunnescens,patches,tan,pulverulent,easily removed,one large patch in middle,
30260,Amanita solaniolens,patches,cream to light brown,pulverulent,easily removed,two big patches neaar center,
30261,,warts,yellow,pulverulent,easily removed,"dispersed, uneven",
30262,,na,na,na,na,na,
30263,Amanita brunnescens,na,na,na,na,na,
30264,Amanita aff. rubescens,warts,brown middle white margin,pulverulent,easily removed,almost fully covering,
30265,,patches,white,pulverulent,easily removed,few towards margin,
30267,,na,na,na,na,na,
30268,,na,na,na,na,na,
30269,,na,na,na,na,na,
30270,,na,na,na,na,na,
30271,,powder,white,pulverulent,easily removed,very little near margin,
30272,Amanita brunnescens,powder,white,pulverulent,easily removed,very dispersed only on margin,
30273,,na,na,na,na,na,
30274,,scales,white,membranous,peels off with effort but also leaves residue behind,almost fully covering,
30274_2,,scales,white,membranous,peels off with effort but also leaves residue behind,almost fully covering,
30275,Amanita bisporigera,na,na,na,na,na,
30276,,na,na,na,na,na,
30277,Amanita bisporigera,na,na,na,na,na,
30278,,na,na,na,na,na,
30279,,na,na,na,na,na,
30280,Amanita populiphila,warts,dingey white grey,membranous,adnate,common in center,
30280_2,Amanita populiphila,warts,dingey white grey,membranous,adnate,common in center,
30280_3,Amanita populiphila,warts,dingey white grey,membranous,adnate,common in center,
30280_4,Amanita populiphila,warts,dingey white grey,membranous,adnate,common in center,
30280_5,Amanita populiphila,warts,dingey white grey,membranous,adnate,common in center,
30280_6,Amanita populiphila,warts,dingey white grey,membranous,adnate,common in center,
30280_7,Amanita populiphila,warts,dingey white grey,membranous,adnate,common in center,
30281,Amanita sp 44,patches,cream,submembranous,easily removed,one patch,
30282,Amanita sp 44,na,na,na,na,na,
30283,,warts,brown to yellow,pulverulent,easily removed,even and plentiful across pielus,
30284,Amanita suballiacea,na,na,na,na,na,
30285,Amanita sp 44,patches,white,membranous,adnate,1 patch towards margin,
30286,Amanita porphyria,powder,brown,pulverulent,easily removed,dispersed uneven,
30287,,na,na,na,na,na,
30291,,patches,brown,pulverulent,easily removed,uneven dispersed,
30293,Amanita porphyria,powder,brown - dingey white,pulverulent,easily removed,uneven common,
40220,,patches,tan,pulverulent,easily removed,full large pathc at center with dispersed warts towards margin,